<?xml version="1.1" encoding="UTF-8" standalone="no"?>
<databaseChangeLog xmlns="http://www.liquibase.org/xml/ns/dbchangelog" xmlns:ext="http://www.liquibase.org/xml/ns/dbchangelog-ext" xmlns:xsi="http://www.w3.org/2001/XMLSchema-instance" xsi:schemaLocation="http://www.liquibase.org/xml/ns/dbchangelog-ext http://www.liquibase.org/xml/ns/dbchangelog/dbchangelog-ext.xsd http://www.liquibase.org/xml/ns/dbchangelog http://www.liquibase.org/xml/ns/dbchangelog/dbchangelog-3.6.xsd">
    <changeSet author="EL IMALI Hasna (generated)" id="1562588700682-4">
        <dropColumn columnName="created_by" tableName="jhi_user"/>
    </changeSet>
    <changeSet author="EL IMALI Hasna (generated)" id="1562588700682-5">
        <dropColumn columnName="created_date" tableName="jhi_user"/>
    </changeSet>
    <changeSet author="EL IMALI Hasna (generated)" id="1562588700682-6">
        <dropColumn columnName="last_modified_by" tableName="jhi_user"/>
    </changeSet>
    <changeSet author="EL IMALI Hasna (generated)" id="1562588700682-7">
        <dropColumn columnName="last_modified_date" tableName="jhi_user"/>
    </changeSet>
    <changeSet author="EL IMALI Hasna (generated)" id="1562588700682-1">
        <dropUniqueConstraint constraintName="UC_CLIENTUSER_ID_COL" tableName="client"/>
        <addUniqueConstraint columnNames="user_id" constraintName="UC_CLIENTUSER_ID_COL" tableName="client"/>
    </changeSet>
    <changeSet author="EL IMALI Hasna (generated)" id="1562588700682-2">
        <dropUniqueConstraint constraintName="UC_JHI_USEREMAIL_COL" tableName="jhi_user"/>
        <addUniqueConstraint columnNames="email" constraintName="UC_JHI_USEREMAIL_COL" tableName="jhi_user"/>
    </changeSet>
    <changeSet author="EL IMALI Hasna (generated)" id="1562588700682-3">
        <dropUniqueConstraint constraintName="UC_JHI_USERLOGIN_COL" tableName="jhi_user"/>
        <addUniqueConstraint columnNames="login" constraintName="UC_JHI_USERLOGIN_COL" tableName="jhi_user"/>
    </changeSet>
</databaseChangeLog>
