<?xml version="1.1" encoding="UTF-8" standalone="no"?>
<databaseChangeLog xmlns="http://www.liquibase.org/xml/ns/dbchangelog" xmlns:ext="http://www.liquibase.org/xml/ns/dbchangelog-ext" xmlns:xsi="http://www.w3.org/2001/XMLSchema-instance" xsi:schemaLocation="http://www.liquibase.org/xml/ns/dbchangelog-ext http://www.liquibase.org/xml/ns/dbchangelog/dbchangelog-ext.xsd http://www.liquibase.org/xml/ns/dbchangelog http://www.liquibase.org/xml/ns/dbchangelog/dbchangelog-3.6.xsd">
    <changeSet author="Administrateur (generated)" id="1566462114485-1">
        <dropUniqueConstraint constraintName="UC_CLIENTUSER_ID_COL" tableName="client"/>
        <addUniqueConstraint columnNames="user_id" constraintName="UC_CLIENTUSER_ID_COL" tableName="client"/>
    </changeSet>
    <changeSet author="Administrateur (generated)" id="1566462114485-2">
        <dropUniqueConstraint constraintName="UC_JHI_USERACTIVATION_KEY_COL" tableName="jhi_user"/>
        <addUniqueConstraint columnNames="activation_key" constraintName="UC_JHI_USERACTIVATION_KEY_COL" tableName="jhi_user"/>
    </changeSet>
    <changeSet author="Administrateur (generated)" id="1566462114485-3">
        <dropUniqueConstraint constraintName="UC_JHI_USEREMAIL_COL" tableName="jhi_user"/>
        <addUniqueConstraint columnNames="email" constraintName="UC_JHI_USEREMAIL_COL" tableName="jhi_user"/>
    </changeSet>
    <changeSet author="Administrateur (generated)" id="1566462114485-4">
        <dropUniqueConstraint constraintName="UC_JHI_USERLOGIN_COL" tableName="jhi_user"/>
        <addUniqueConstraint columnNames="login" constraintName="UC_JHI_USERLOGIN_COL" tableName="jhi_user"/>
    </changeSet>
    <changeSet author="Administrateur (generated)" id="1566462114485-5">
        <dropUniqueConstraint constraintName="UC_JHI_USERRESET_KEY_COL" tableName="jhi_user"/>
        <addUniqueConstraint columnNames="reset_key" constraintName="UC_JHI_USERRESET_KEY_COL" tableName="jhi_user"/>
    </changeSet>
</databaseChangeLog>
